{
    "name": "footer配置文件",
    "action": "public/footer",
    "description": "footer配置文件",
    "order": 6.0,
    "more": {
        "vars": {
            
            
            "aboutAbstract": {
                "title": "尾部第一块",
                "value": "Lorem ipsum dolor sit amet conse ctetur adipisicing elit, sed do eiusmod tempor incididunt ut labore et dolore magna Lorem ipsum dolor sit amet conse ctetur adipisicing elit, sed do eiusmod tempor incididunt ut labore et dolore magna ",
                "type": "textarea",
                "tip": "尾部第一块"
            },
            "aboutimage": {
                "title": "aboutimage",
                "value": "http://demo.tonpal.com/WMTB20200017/assets/picture/logo.png",
                "type": "image",
                "tip": "eg:image"
            },
            
            "contactTitle": {
                "title": "尾部第三块",
                "value": "CONTACT US",
                "type": "text",
                "tip": "eg:尾部第三块"
            },
            
           
            "copyright": {
                "title": "版权",
                "value": "SEEWAY INDUSTRIAL LIMITED CO.",
                "type": "text",
                "tip": "版权自定义"
            },
            "mobileLink": {
                "title": "移动端时，底部右边的跳转链接",
                "value": "",
                "type": "text",
                "tip": "请填写全链接 https/http://..."
            },
            "quickLink": {
                "title": "移动端时，底部右边的跳转链接",
                "value": "QUICK LINKS",
                "type": "text",
                "tip": "请填写全链接 https/http://..."
            }
        },
        "widgets": {
            
            "mobile": {
                "title": "电话",
                "display": "1",
                "vars": {
                    "items": {
                        "title": "电话信息",
                        "value": [{
                            "name": "Number:",
                            "value": "&nbsp;0086-15628788693"
                        }],
                        "type": "array",
                        "item": {
                            "name": {
                                "title": "名称",
                                "value": "Tel",
                                "type": "text",
                                "tip": "Tel",
                                "rule": {
                                    "require": true
                                }
                            },
                            "value": {
                                "title": "值",
                                "value": "",
                                "type": "text",
                                "tip": "值"
                            }
                        },
                        "tip": "公共底部和contacts页面需要",
                        "maxNumber": 1,
                        "rule": {
                            "require": true
                        }
                    }
                }
            },
            "email": {
                "title": "邮箱",
                "display": "1",
                "vars": {
                    "items": {
                        "title": "邮箱信息",
                        "value": [{
                            "name": "Email:",
                            "value": "&nbsp;manager@goodao.com"
                        }],
                        "type": "array",
                        "item": {
                            "name": {
                                "title": "",
                                "value": "Email",
                                "type": "text",
                                "tip": "Email",
                                "rule": {
                                    "require": true
                                }
                            },
                            "value": {
                                "title": "值",
                                "value": "",
                                "type": "text",
                                "tip": "值"
                            }
                        },
                        "tip": "",
                        "maxNumber": 1,
                        "rule": {
                            "require": true
                        }
                    }
                }
            },
            "information": {
                "title": "尾部分享图标",
                "display": "1",
                "vars": {
                    "items": {
                        "title": "尾部分享图标",
                        "value": [
                            {
                            "image": "http://demo.tonpal.com/WMTB20200015/assets/picture/sns01.png",
                            "link": ""
                        },
                        {
                            "image": "http://demo.tonpal.com/WMTB20200015/assets/picture/sns02.png",
                            "link": ""
                        },
                        {
                            "image": "http://demo.tonpal.com/WMTB20200015/assets/picture/sns03.png",
                            "link": ""
                        }
                    ],
                        "type": "array",
                        "item": {
                            "image": {
                                "title": "",
                                "value": "",
                                "type": "image",
                                "tip": "image",
                                "rule": {
                                    "require": true
                                }
                            },
                            "link": {
                                "title": "值",
                                "value": "",
                                "type": "text",
                                "tip": "值"
                            }
                        },
                        "tip": "",
                        "maxNumber": 1,
                        "rule": {
                            "require": true
                        }
                    }
                }
            },
            "address": {
                "title": "地址",
                "display": "1",
                "vars": {
                    "items": {
                        "title": "地址信息",
                        "value": [{
                            "name": "Address:",
                            "value": "&nbsp;Unit 201,No.84 KangTaiLi, Huli, Xiamen,Fujian,China, 361006"
                        }],
                        "type": "array",
                        "item": {
                            "name": {
                                "title": "名称",
                                "value": "Address",
                                "type": "text",
                                "tip": "address",
                                "rule": {
                                    "require": true
                                }
                            },
                            "value": {
                                "title": "值",
                                "value": "",
                                "type": "text",
                                "tip": "值"
                            }
                        },
                        "tip": "公共底部和contacts页面需要",
                        "maxNumber": 1,
                        "rule": {
                            "require": true
                        }
                    }
                }
            },
            "company": {
                "title": "公司名称",
                "display": "1",
                "vars": {
                    "items": {
                        "title": "地址信息",
                        "value": [{
                            "name": "Company name:",
                            "value": "&nbsp;SEEWAY INDUSTRIAL LIMITED CO.,LTD"
                        }],
                        "type": "array",
                        "item": {
                            "name": {
                                "title": "名称",
                                "value": "Company name:",
                                "type": "text",
                                "tip": "name",
                                "rule": {
                                    "require": true
                                }
                            },
                            "value": {
                                "title": "值",
                                "value": "",
                                "type": "text",
                                "tip": "值"
                            }
                        },
                        "tip": "公共底部和contacts页面需要",
                        "maxNumber": 1,
                        "rule": {
                            "require": true
                        }
                    }
                }
            }
        }
    }
}