{
    "name": "news配置文件",
    "action": "portal/news",
    "description": "news配置文件",
    "order": 6.0,
    "more": {
        "vars": {
            "seoTitle": {
                "title": "seo title",
                "value": "",
                "type": "text",
                "tip": "title",
                "rule": {
                    "require": true
                }
            },
            "seoDescription": {
                "title": "seo Description",
                "value": "",
                "type": "text",
                "tip": "Description",
                "rule": {
                    "require": true
                }
            },
            "seoKeywords": {
                "title": "seo Keywords",
                "value": "",
                "type": "text",
                "tip": "Keywords",
                "rule": {
                    "require": true
                }
            },
            "title": {
                "title": "标题",
                "type": "text",
                "value": "news",
                "tip": "标题",
                "rule": {
                    "require": true
                }
            },
            "image": {
                "title": "背景图片",
                "value": "http://demo.tonpal.com/WMTB20200017/assets/picture/banner01.jpg",
                "type": "image",
                "tip": "图片",
                "rule": {
                    "require": true
                }
            }
            
        }
    }
}